epoch,time,train/box_loss,train/cls_loss,train/dfl_loss,metrics/precision(B),metrics/recall(B),metrics/mAP50(B),metrics/mAP50-95(B),val/box_loss,val/cls_loss,val/dfl_loss,lr/pg0,lr/pg1,lr/pg2
1,572.362,2.69924,4.75661,1.78564,0.00069,0.05974,0.01775,0.00661,2.09784,4.6489,1.40402,0.000170595,0.000170595,0.000170595
2,1098.96,1.85501,3.53551,1.28951,0.40926,0.09793,0.06695,0.03687,1.64402,3.43749,1.29959,0.000339079,0.000339079,0.000339079
3,1665.85,1.72642,2.84607,1.21428,0.28698,0.27371,0.17276,0.09714,1.55194,2.84507,1.24961,0.000500619,0.000500619,0.000500619
4,2098.51,1.60293,2.4667,1.18029,0.43044,0.26176,0.24992,0.1463,1.51995,2.58322,1.21352,0.000494756,0.000494756,0.000494756
5,2522.74,1.54868,2.26125,1.15413,0.43119,0.28727,0.28117,0.16442,1.51956,2.41174,1.18449,0.000484341,0.000484341,0.000484341
6,2941.46,1.52132,2.1435,1.14455,0.57824,0.30854,0.32776,0.19766,1.50071,2.38473,1.18614,0.000473926,0.000473926,0.000473926
